"SourceRoot","RelativePath","Extension","SizeBytes","Modified","FullPath"
"AI与科技相关","A股\宇树科技\deliverables\trading-agent\unitree-analysis-2026-06-01.html",".html","14236","2026-08-08 19:34:04","D:\BaiduSyncdisk\上市公司\AI与科技相关\A股\宇树科技\deliverables\trading-agent\unitree-analysis-2026-06-01.html"
"AI与科技相关","A股\宇树科技\deliverables\trading-agent\unitree-douyin-slides-2026-06-01.html",".html","28523","2026-08-08 19:34:04","D:\BaiduSyncdisk\上市公司\AI与科技相关\A股\宇树科技\deliverables\trading-agent\unitree-douyin-slides-2026-06-01.html"
"AI与科技相关","A股\宇树科技\trading-agent\unitree-analysis-2026-06-01.html",".html","14236","2026-08-08 19:34:02","D:\BaiduSyncdisk\上市公司\AI与科技相关\A股\宇树科技\trading-agent\unitree-analysis-2026-06-01.html"
"AI与科技相关","A股\宇树科技\trading-agent\unitree-douyin-slides-2026-06-01.html",".html","28523","2026-08-08 19:34:01","D:\BaiduSyncdisk\上市公司\AI与科技相关\A股\宇树科技\trading-agent\unitree-douyin-slides-2026-06-01.html"
"AI与科技相关","A股\宇树科技\trading-agent\unitree-xiaohongshu.html",".html","22490","2026-08-08 19:34:01","D:\BaiduSyncdisk\上市公司\AI与科技相关\A股\宇树科技\trading-agent\unitree-xiaohongshu.html"
"AI与科技相关","A股\宇树科技\图片素材\20260812_宇树科技_仓库应用实景.png",".png","1712436","2026-08-12 17:38:20","D:\BaiduSyncdisk\上市公司\AI与科技相关\A股\宇树科技\图片素材\20260812_宇树科技_仓库应用实景.png"
"AI与科技相关","A股\宇树科技\图片素材\20260812_宇树科技_创始人肖像.png",".png","1466617","2026-08-12 17:38:19","D:\BaiduSyncdisk\上市公司\AI与科技相关\A股\宇树科技\图片素材\20260812_宇树科技_创始人肖像.png"
"AI与科技相关","A股\宇树科技\图片素材\20260812_宇树科技_估值概念图.png",".png","1322242","2026-08-12 17:38:18","D:\BaiduSyncdisk\上市公司\AI与科技相关\A股\宇树科技\图片素材\20260812_宇树科技_估值概念图.png"
"AI与科技相关","A股\宇树科技\图片素材\20260812_宇树科技_人形机器人.png",".png","1194592","2026-08-12 17:38:18","D:\BaiduSyncdisk\上市公司\AI与科技相关\A股\宇树科技\图片素材\20260812_宇树科技_人形机器人.png"
"AI与科技相关","A股\宇树科技\图片素材\20260812_宇树科技_四足机器狗.png",".png","1105602","2026-08-12 17:38:15","D:\BaiduSyncdisk\上市公司\AI与科技相关\A股\宇树科技\图片素材\20260812_宇树科技_四足机器狗.png"
"AI与科技相关","A股\宇树科技\宇树科技_20260810_今日研究全景_图示.html",".html","19266","2026-08-12 22:06:46","D:\BaiduSyncdisk\上市公司\AI与科技相关\A股\宇树科技\宇树科技_20260810_今日研究全景_图示.html"
"AI与科技相关","A股\宇树科技\宇树科技_收入利润走势_图示.html",".html","8211","2026-08-08 19:31:39","D:\BaiduSyncdisk\上市公司\AI与科技相关\A股\宇树科技\宇树科技_收入利润走势_图示.html"
"AI与科技相关","A股\宇树科技\宇树科技_特别表决权_图解.html",".html","19270","2026-08-08 19:31:39","D:\BaiduSyncdisk\上市公司\AI与科技相关\A股\宇树科技\宇树科技_特别表决权_图解.html"
"AI与科技相关","A股\宇树科技\宇树科技_宇树vs长鑫_对比专题.html",".html","27769","2026-08-12 22:27:38","D:\BaiduSyncdisk\上市公司\AI与科技相关\A股\宇树科技\宇树科技_宇树vs长鑫_对比专题.html"
"AI与科技相关","A股\长江存储\20260825长江存储盈亏平衡动态测算工具.html",".html","21073","2026-08-27 21:54:59","D:\BaiduSyncdisk\上市公司\AI与科技相关\A股\长江存储\20260825长江存储盈亏平衡动态测算工具.html"
"AI与科技相关","A股\长江存储\20260825长江存储招股书申报稿全景图示.html",".html","1285471","2026-08-27 15:15:30","D:\BaiduSyncdisk\上市公司\AI与科技相关\A股\长江存储\20260825长江存储招股书申报稿全景图示.html"
"AI与科技相关","A股\长江存储\20260826长江存储靠什么赚钱_公众号.html",".html","11963","2026-08-29 20:07:00","D:\BaiduSyncdisk\上市公司\AI与科技相关\A股\长江存储\20260826长江存储靠什么赚钱_公众号.html"
"AI与科技相关","A股\长江存储\20260826长江存储靠什么赚钱_秀米版.html",".html","18526","2026-08-29 20:07:10","D:\BaiduSyncdisk\上市公司\AI与科技相关\A股\长江存储\20260826长江存储靠什么赚钱_秀米版.html"
"AI与科技相关","A股\长江存储\20260828长江存储发行前股权结构.html",".html","33173","2026-08-28 09:09:46","D:\BaiduSyncdisk\上市公司\AI与科技相关\A股\长江存储\20260828长江存储发行前股权结构.html"
"AI与科技相关","A股\长江存储\20260828长江存储靠什么赚钱分镜画面.html",".html","33649","2026-08-29 18:45:31","D:\BaiduSyncdisk\上市公司\AI与科技相关\A股\长江存储\20260828长江存储靠什么赚钱分镜画面.html"
"AI与科技相关","A股\长鑫科技\20260829长鑫科技靠什么赚钱_秀米版.html",".html","18876","2026-08-29 19:42:48","D:\BaiduSyncdisk\上市公司\AI与科技相关\A股\长鑫科技\20260829长鑫科技靠什么赚钱_秀米版.html"
"AI与科技相关","A股\长鑫科技\20260829长鑫科技靠什么赚钱分镜画面.html",".html","38994","2026-08-29 18:45:30","D:\BaiduSyncdisk\上市公司\AI与科技相关\A股\长鑫科技\20260829长鑫科技靠什么赚钱分镜画面.html"
"AI与科技相关","A股\长鑫科技\7 月 14 日长鑫科技_朱一明授股时间轴_紧凑.png",".png","266355","2026-08-08 19:31:43","D:\BaiduSyncdisk\上市公司\AI与科技相关\A股\长鑫科技\7 月 14 日长鑫科技_朱一明授股时间轴_紧凑.png"
"AI与科技相关","A股\长鑫科技\7 月 15 日长鑫科技_上市首日价格推演.png",".png","371504","2026-08-08 19:31:45","D:\BaiduSyncdisk\上市公司\AI与科技相关\A股\长鑫科技\7 月 15 日长鑫科技_上市首日价格推演.png"
"AI与科技相关","A股\长鑫科技\7 月 17 日止长鑫科技募资复盘.png",".png","285792","2026-08-08 19:31:46","D:\BaiduSyncdisk\上市公司\AI与科技相关\A股\长鑫科技\7 月 17 日止长鑫科技募资复盘.png"
"AI与科技相关","A股\长鑫科技\7 月 9 日取得注册稿后，上市流程.png",".png","175554","2026-08-08 19:31:43","D:\BaiduSyncdisk\上市公司\AI与科技相关\A股\长鑫科技\7 月 9 日取得注册稿后，上市流程.png"
"AI与科技相关","A股\长鑫科技\Hyperliquid_专线图示.html",".html","17308","2026-08-08 19:31:47","D:\BaiduSyncdisk\上市公司\AI与科技相关\A股\长鑫科技\Hyperliquid_专线图示.html"
"AI与科技相关","A股\长鑫科技\为什么网上从 10% 涨到 50.1%？.png",".png","204518","2026-08-08 19:31:49","D:\BaiduSyncdisk\上市公司\AI与科技相关\A股\长鑫科技\为什么网上从 10% 涨到 50.1%？.png"
"AI与科技相关","A股\长鑫科技\长鑫科技_4万亿市值造富测算.html",".html","13214","2026-08-08 19:31:49","D:\BaiduSyncdisk\上市公司\AI与科技相关\A股\长鑫科技\长鑫科技_4万亿市值造富测算.html"
"AI与科技相关","A股\长鑫科技\长鑫科技_IPO全景图示.html",".html","16002","2026-08-08 19:31:50","D:\BaiduSyncdisk\上市公司\AI与科技相关\A股\长鑫科技\长鑫科技_IPO全景图示.html"
"AI与科技相关","A股\长鑫科技\长鑫科技_筹码全景_抬轿子.png",".png","930051","2026-08-08 19:31:51","D:\BaiduSyncdisk\上市公司\AI与科技相关\A股\长鑫科技\长鑫科技_筹码全景_抬轿子.png"
"AI与科技相关","A股\长鑫科技\长鑫科技_筹码全景_抬轿子_分块.html",".html","13780","2026-08-08 19:31:50","D:\BaiduSyncdisk\上市公司\AI与科技相关\A股\长鑫科技\长鑫科技_筹码全景_抬轿子_分块.html"
"AI与科技相关","A股\长鑫科技\长鑫科技_筹码全景_抬轿子_分块.png",".png","3046250","2026-08-08 19:31:51","D:\BaiduSyncdisk\上市公司\AI与科技相关\A股\长鑫科技\长鑫科技_筹码全景_抬轿子_分块.png"
"AI与科技相关","A股\长鑫科技\长鑫科技_筹码全景_抬轿子图示.html",".html","10890","2026-08-08 19:31:51","D:\BaiduSyncdisk\上市公司\AI与科技相关\A股\长鑫科技\长鑫科技_筹码全景_抬轿子图示.html"
"AI与科技相关","A股\长鑫科技\长鑫科技_股东全名单.html",".html","20112","2026-08-08 19:31:51","D:\BaiduSyncdisk\上市公司\AI与科技相关\A股\长鑫科技\长鑫科技_股东全名单.html"
"AI与科技相关","A股\长鑫科技\长鑫科技_漫画图解_样张.html",".html","16027","2026-08-08 19:31:50","D:\BaiduSyncdisk\上市公司\AI与科技相关\A股\长鑫科技\长鑫科技_漫画图解_样张.html"
"AI与科技相关","A股\长鑫科技\长鑫科技_募资结构复盘.html",".html","10811","2026-08-08 19:31:50","D:\BaiduSyncdisk\上市公司\AI与科技相关\A股\长鑫科技\长鑫科技_募资结构复盘.html"
"AI与科技相关","A股\长鑫科技\长鑫科技_三张图示_造富与资本玩法.html",".html","11360","2026-08-08 19:31:50","D:\BaiduSyncdisk\上市公司\AI与科技相关\A股\长鑫科技\长鑫科技_三张图示_造富与资本玩法.html"
"AI与科技相关","A股\长鑫科技\长鑫科技_中签率反差图示.html",".html","10922","2026-08-08 19:31:50","D:\BaiduSyncdisk\上市公司\AI与科技相关\A股\长鑫科技\长鑫科技_中签率反差图示.html"
"AI与科技相关","A股\长鑫科技\长鑫科技_资产与利润分析.html",".html","22382","2026-08-08 19:31:51","D:\BaiduSyncdisk\上市公司\AI与科技相关\A股\长鑫科技\长鑫科技_资产与利润分析.html"
"AI与科技相关","A股\长鑫科技\长鑫科技vsSpaceX_上市速度对决_视频素材.html",".html","19386","2026-08-08 19:31:51","D:\BaiduSyncdisk\上市公司\AI与科技相关\A股\长鑫科技\长鑫科技vsSpaceX_上市速度对决_视频素材.html"
"AI与科技相关","A股\长鑫科技\长鑫科技战略配售股东（7 月 15 日）.png",".png","284078","2026-08-08 19:31:52","D:\BaiduSyncdisk\上市公司\AI与科技相关\A股\长鑫科技\长鑫科技战略配售股东（7 月 15 日）.png"
"AI与科技相关","A股\长鑫科技\长兴科技后续解除限售时间线.png",".png","187722","2026-08-08 19:31:48","D:\BaiduSyncdisk\上市公司\AI与科技相关\A股\长鑫科技\长兴科技后续解除限售时间线.png"
"AI与科技相关","H股\Momenta\0629 多档案清单截图.png",".png","116185","2026-08-08 19:31:53","D:\BaiduSyncdisk\上市公司\AI与科技相关\H股\Momenta\0629 多档案清单截图.png"
"AI与科技相关","H股\Momenta\Momenta 公告文件里面的图片1.png",".png","458301","2026-08-08 19:31:53","D:\BaiduSyncdisk\上市公司\AI与科技相关\H股\Momenta\Momenta 公告文件里面的图片1.png"
"AI与科技相关","H股\Momenta\Momenta 公告文件里面的图片2.png",".png","268003","2026-08-08 19:31:54","D:\BaiduSyncdisk\上市公司\AI与科技相关\H股\Momenta\Momenta 公告文件里面的图片2.png"
"AI与科技相关","H股\Momenta\Momenta，税收相关 2.png",".png","334071","2026-08-08 19:31:54","D:\BaiduSyncdisk\上市公司\AI与科技相关\H股\Momenta\Momenta，税收相关 2.png"
"AI与科技相关","H股\Momenta\Momenta_曹旭东_公众号封面.png",".png","226256","2026-08-08 19:31:53","D:\BaiduSyncdisk\上市公司\AI与科技相关\H股\Momenta\Momenta_曹旭东_公众号封面.png"
"AI与科技相关","H股\Momenta\Momenta_曹旭东_金句海报.png",".png","4034100","2026-08-08 19:31:54","D:\BaiduSyncdisk\上市公司\AI与科技相关\H股\Momenta\Momenta_曹旭东_金句海报.png"
"AI与科技相关","H股\Momenta\momenta-physical-ai-first.html",".html","29697","2026-08-08 19:31:53","D:\BaiduSyncdisk\上市公司\AI与科技相关\H股\Momenta\momenta-physical-ai-first.html"
"AI与科技相关","H股\Momenta\momenta-shareholder-customer-map.html",".html","32155","2026-08-08 19:31:53","D:\BaiduSyncdisk\上市公司\AI与科技相关\H股\Momenta\momenta-shareholder-customer-map.html"
"AI与科技相关","H股\Momenta\Momenta上市时间线.html",".html","9961","2026-08-08 19:31:54","D:\BaiduSyncdisk\上市公司\AI与科技相关\H股\Momenta\Momenta上市时间线.html"
"AI与科技相关","H股\Momenta\我 A 税收相关 1.png",".png","393920","2026-08-08 19:31:56","D:\BaiduSyncdisk\上市公司\AI与科技相关\H股\Momenta\我 A 税收相关 1.png"
"AI与科技相关","other\AI基础设施融资资金链_v4.png",".png","1600840","2026-08-08 19:31:19","D:\BaiduSyncdisk\上市公司\AI与科技相关\other\AI基础设施融资资金链_v4.png"
"AI与科技相关","other\三公司上市时间线对比（港美A）.html",".html","12358","2026-08-08 19:31:19","D:\BaiduSyncdisk\上市公司\AI与科技相关\other\三公司上市时间线对比（港美A）.html"
"AI与科技相关","SpaceX\SEC上市全套文件\SpaceX_01_DRS_保密草案注册稿_20260330.htm",".htm","8441618","2026-08-08 19:32:01","D:\BaiduSyncdisk\上市公司\AI与科技相关\SpaceX\SEC上市全套文件\SpaceX_01_DRS_保密草案注册稿_20260330.htm"
"AI与科技相关","SpaceX\SEC上市全套文件\SpaceX_02_DRSA_保密草案修订稿_20260507.htm",".htm","11668713","2026-08-08 19:32:04","D:\BaiduSyncdisk\上市公司\AI与科技相关\SpaceX\SEC上市全套文件\SpaceX_02_DRSA_保密草案修订稿_20260507.htm"
"AI与科技相关","SpaceX\SEC上市全套文件\SpaceX_03_S-1_公开招股书_20260520.htm",".htm","11847984","2026-08-08 19:32:04","D:\BaiduSyncdisk\上市公司\AI与科技相关\SpaceX\SEC上市全套文件\SpaceX_03_S-1_公开招股书_20260520.htm"
"AI与科技相关","SpaceX\SEC上市全套文件\SpaceX_04_S-1A_修订稿第1版_20260601.htm",".htm","11988903","2026-08-08 19:32:02","D:\BaiduSyncdisk\上市公司\AI与科技相关\SpaceX\SEC上市全套文件\SpaceX_04_S-1A_修订稿第1版_20260601.htm"
"AI与科技相关","SpaceX\SEC上市全套文件\SpaceX_05_S-1A_修订稿第2版_20260603.htm",".htm","12116869","2026-08-08 19:32:03","D:\BaiduSyncdisk\上市公司\AI与科技相关\SpaceX\SEC上市全套文件\SpaceX_05_S-1A_修订稿第2版_20260603.htm"
"AI与科技相关","SpaceX\SEC上市全套文件\SpaceX_06_FWP_路演材料_20260604.htm",".htm","492905","2026-08-08 19:32:01","D:\BaiduSyncdisk\上市公司\AI与科技相关\SpaceX\SEC上市全套文件\SpaceX_06_FWP_路演材料_20260604.htm"
"AI与科技相关","SpaceX\SEC上市全套文件\SpaceX_06b_FWP_英国路演_20260604.htm",".htm","291438","2026-08-08 19:32:02","D:\BaiduSyncdisk\上市公司\AI与科技相关\SpaceX\SEC上市全套文件\SpaceX_06b_FWP_英国路演_20260604.htm"
"AI与科技相关","SpaceX\SEC上市全套文件\SpaceX_06c_FWP_日本路演_20260605.htm",".htm","1593202","2026-08-08 19:32:05","D:\BaiduSyncdisk\上市公司\AI与科技相关\SpaceX\SEC上市全套文件\SpaceX_06c_FWP_日本路演_20260605.htm"
"AI与科技相关","SpaceX\SEC上市全套文件\SpaceX_06d_FWP_路演协议_20260605.htm",".htm","2232","2026-08-08 19:32:02","D:\BaiduSyncdisk\上市公司\AI与科技相关\SpaceX\SEC上市全套文件\SpaceX_06d_FWP_路演协议_20260605.htm"
"AI与科技相关","SpaceX\SEC上市全套文件\SpaceX_06e_FWP_欧洲访谈实录_20260608.htm",".htm","1954110","2026-08-08 19:32:03","D:\BaiduSyncdisk\上市公司\AI与科技相关\SpaceX\SEC上市全套文件\SpaceX_06e_FWP_欧洲访谈实录_20260608.htm"
"AI与科技相关","SpaceX\SEC上市全套文件\SpaceX_07_FWP_CFO访谈_20260609.htm",".htm","84166","2026-08-08 19:32:04","D:\BaiduSyncdisk\上市公司\AI与科技相关\SpaceX\SEC上市全套文件\SpaceX_07_FWP_CFO访谈_20260609.htm"
"AI与科技相关","SpaceX\SEC上市全套文件\SpaceX_07b_FWP_路演补充_20260611.htm",".htm","18594","2026-08-08 19:32:04","D:\BaiduSyncdisk\上市公司\AI与科技相关\SpaceX\SEC上市全套文件\SpaceX_07b_FWP_路演补充_20260611.htm"
"AI与科技相关","SpaceX\SEC上市全套文件\SpaceX_08_8-A12B_证券交易所登记_20260610.htm",".htm","19422","2026-08-08 19:32:04","D:\BaiduSyncdisk\上市公司\AI与科技相关\SpaceX\SEC上市全套文件\SpaceX_08_8-A12B_证券交易所登记_20260610.htm"
"AI与科技相关","SpaceX\SEC上市全套文件\SpaceX_08b_8-A12B_证券交易所登记2_20260610.htm",".htm","19572","2026-08-08 19:32:03","D:\BaiduSyncdisk\上市公司\AI与科技相关\SpaceX\SEC上市全套文件\SpaceX_08b_8-A12B_证券交易所登记2_20260610.htm"
"AI与科技相关","SpaceX\SEC上市全套文件\SpaceX_10_424B4_最终定价招股书_20260612.htm",".htm","11953976","2026-08-08 19:32:06","D:\BaiduSyncdisk\上市公司\AI与科技相关\SpaceX\SEC上市全套文件\SpaceX_10_424B4_最终定价招股书_20260612.htm"
"AI与科技相关","SpaceX\SEC上市全套文件\SpaceX_11_8-K_上市后事件_20260615.htm",".htm","41893","2026-08-08 19:32:05","D:\BaiduSyncdisk\上市公司\AI与科技相关\SpaceX\SEC上市全套文件\SpaceX_11_8-K_上市后事件_20260615.htm"
"AI与科技相关","SpaceX\SEC上市全套文件\SpaceX_11b_8-K_上市后事件_20260616.htm",".htm","29129","2026-08-08 19:32:05","D:\BaiduSyncdisk\上市公司\AI与科技相关\SpaceX\SEC上市全套文件\SpaceX_11b_8-K_上市后事件_20260616.htm"
"AI与科技相关","SpaceX\SEC上市全套文件\SpaceX_11c_8-K_上市后事件_20260617.htm",".htm","23179","2026-08-08 19:32:05","D:\BaiduSyncdisk\上市公司\AI与科技相关\SpaceX\SEC上市全套文件\SpaceX_11c_8-K_上市后事件_20260617.htm"
"AI与科技相关","SpaceX\SEC上市全套文件\SpaceX_12_S-8_员工持股计划注册_20260612.htm",".htm","83881","2026-08-08 19:32:05","D:\BaiduSyncdisk\上市公司\AI与科技相关\SpaceX\SEC上市全套文件\SpaceX_12_S-8_员工持股计划注册_20260612.htm"
"AI与科技相关","SpaceX\SEC上市全套文件\SpaceX_13_8-K_高级票据发行启动_20260622.htm",".htm","28399","2026-08-08 19:32:05","D:\BaiduSyncdisk\上市公司\AI与科技相关\SpaceX\SEC上市全套文件\SpaceX_13_8-K_高级票据发行启动_20260622.htm"
"AI与科技相关","SpaceX\SEC上市全套文件\SpaceX_13b_8-K_高级票据定价_20260623.htm",".htm","25511","2026-08-08 19:32:05","D:\BaiduSyncdisk\上市公司\AI与科技相关\SpaceX\SEC上市全套文件\SpaceX_13b_8-K_高级票据定价_20260623.htm"
"AI与科技相关","SpaceX\SEC上市全套文件\SpaceX_13c_8-K_高级票据发行完成_20260626.htm",".htm","40975","2026-08-08 19:32:05","D:\BaiduSyncdisk\上市公司\AI与科技相关\SpaceX\SEC上市全套文件\SpaceX_13c_8-K_高级票据发行完成_20260626.htm"
"AI与科技相关","SpaceX\SEC上市全套文件\SpaceX_S-1A_20260603_附件_exhibit51-sx1a2.htm",".htm","18643","2026-08-08 19:32:06","D:\BaiduSyncdisk\上市公司\AI与科技相关\SpaceX\SEC上市全套文件\SpaceX_S-1A_20260603_附件_exhibit51-sx1a2.htm"
"AI与科技相关","SpaceX\SpaceX_IPO_翻页PPT.html",".html","25400","2026-08-08 19:31:19","D:\BaiduSyncdisk\上市公司\AI与科技相关\SpaceX\SpaceX_IPO_翻页PPT.html"
"AI与科技相关","SpaceX\SpaceX_IPO_深度H5.html",".html","25207","2026-08-08 19:31:19","D:\BaiduSyncdisk\上市公司\AI与科技相关\SpaceX\SpaceX_IPO_深度H5.html"
"AI与科技相关","SpaceX\SpaceX_IPO深度解读_视频素材 copy.html",".html","27407","2026-08-08 19:31:20","D:\BaiduSyncdisk\上市公司\AI与科技相关\SpaceX\SpaceX_IPO深度解读_视频素材 copy.html"
"AI与科技相关","SpaceX\SpaceX_S-1_20260520.htm",".htm","11847984","2026-08-08 19:31:23","D:\BaiduSyncdisk\上市公司\AI与科技相关\SpaceX\SpaceX_S-1_20260520.htm"
"AI与科技相关","SpaceX\SpaceX_S-1A_20260601.htm",".htm","11988903","2026-08-08 19:31:23","D:\BaiduSyncdisk\上市公司\AI与科技相关\SpaceX\SpaceX_S-1A_20260601.htm"
"AI与科技相关","SpaceX\SpaceX_S-1A_20260603.htm",".htm","12116869","2026-08-08 19:31:24","D:\BaiduSyncdisk\上市公司\AI与科技相关\SpaceX\SpaceX_S-1A_20260603.htm"
"AI与科技相关","SpaceX\SpaceX_上市全景链图谱_视频素材.html",".html","16833","2026-08-08 19:31:22","D:\BaiduSyncdisk\上市公司\AI与科技相关\SpaceX\SpaceX_上市全景链图谱_视频素材.html"
"AI与科技相关","SpaceX\SpaceX上市_IPO拆解_视频素材.html",".html","23515","2026-08-08 19:31:22","D:\BaiduSyncdisk\上市公司\AI与科技相关\SpaceX\SpaceX上市_IPO拆解_视频素材.html"
"AI与科技相关","SpaceX\素材_S1A_page252.png",".png","491690","2026-08-08 19:31:23","D:\BaiduSyncdisk\上市公司\AI与科技相关\SpaceX\素材_S1A_page252.png"
"AI与科技相关","SpaceX\素材_S1A_page253.png",".png","510831","2026-08-08 19:31:23","D:\BaiduSyncdisk\上市公司\AI与科技相关\SpaceX\素材_S1A_page253.png"
"AI与科技相关","SpaceX\素材_S1A_page254.png",".png","362072","2026-08-08 19:31:23","D:\BaiduSyncdisk\上市公司\AI与科技相关\SpaceX\素材_S1A_page254.png"
"AI与科技相关","SpaceX\素材_比特币持仓.png",".png","52616","2026-08-08 19:31:25","D:\BaiduSyncdisk\上市公司\AI与科技相关\SpaceX\素材_比特币持仓.png"
"AI与科技相关","SpaceX\素材_比特币对比.png",".png","63738","2026-08-08 19:31:23","D:\BaiduSyncdisk\上市公司\AI与科技相关\SpaceX\素材_比特币对比.png"
"AI与科技相关","SpaceX\素材_比特币浮盈浮亏.png",".png","47930","2026-08-08 19:31:25","D:\BaiduSyncdisk\上市公司\AI与科技相关\SpaceX\素材_比特币浮盈浮亏.png"
"AI与科技相关","SpaceX\素材_核心观点.png",".png","60627","2026-08-08 19:31:23","D:\BaiduSyncdisk\上市公司\AI与科技相关\SpaceX\素材_核心观点.png"
"AI与科技相关","SpaceX\素材_商誉对比.png",".png","57115","2026-08-08 19:31:23","D:\BaiduSyncdisk\上市公司\AI与科技相关\SpaceX\素材_商誉对比.png"
"AI与科技相关","SpaceX\素材_商誉明细.png",".png","81387","2026-08-08 19:31:23","D:\BaiduSyncdisk\上市公司\AI与科技相关\SpaceX\素材_商誉明细.png"
"AI与科技相关","SpaceX\素材_商誉时间线.png",".png","93227","2026-08-08 19:31:23","D:\BaiduSyncdisk\上市公司\AI与科技相关\SpaceX\素材_商誉时间线.png"
"整车上市公司","A股\比亚迪\比亚迪vs特斯拉_PM视角_视频素材.html",".html","25122","2026-08-08 19:32:11","D:\BaiduSyncdisk\上市公司\整车上市公司\A股\比亚迪\比亚迪vs特斯拉_PM视角_视频素材.html"
"整车上市公司","A股\比亚迪\比亚迪vs特斯拉_对比方法终版_视频素材.html",".html","51391","2026-08-08 19:32:11","D:\BaiduSyncdisk\上市公司\整车上市公司\A股\比亚迪\比亚迪vs特斯拉_对比方法终版_视频素材.html"
"整车上市公司","A股\比亚迪\比亚迪股权架构_深度版_视频素材.html",".html","23035","2026-08-08 19:32:11","D:\BaiduSyncdisk\上市公司\整车上市公司\A股\比亚迪\比亚迪股权架构_深度版_视频素材.html"
"整车上市公司","A股\比亚迪\比亚迪股权架构_视频素材.html",".html","16742","2026-08-08 19:32:11","D:\BaiduSyncdisk\上市公司\整车上市公司\A股\比亚迪\比亚迪股权架构_视频素材.html"
"整车上市公司","A股\赛力斯\赛力斯产业版图_v1问答式_备份.html",".html","25844","2026-08-08 19:32:13","D:\BaiduSyncdisk\上市公司\整车上市公司\A股\赛力斯\赛力斯产业版图_v1问答式_备份.html"
"整车上市公司","A股\赛力斯\赛力斯产业版图_视频素材.html",".html","23153","2026-08-08 19:32:13","D:\BaiduSyncdisk\上市公司\整车上市公司\A股\赛力斯\赛力斯产业版图_视频素材.html"
"整车上市公司","A股\长安汽车\阿维塔股权结构图.html",".html","14028","2026-08-08 19:32:14","D:\BaiduSyncdisk\上市公司\整车上市公司\A股\长安汽车\阿维塔股权结构图.html"
"整车上市公司","A股\长安汽车\读懂招股说明书_阿维塔_视频素材.html",".html","29148","2026-08-08 19:32:14","D:\BaiduSyncdisk\上市公司\整车上市公司\A股\长安汽车\读懂招股说明书_阿维塔_视频素材.html"
"整车上市公司","A股\长安汽车\长安汽车_压力不在负债_视频素材.html",".html","28447","2026-08-08 19:32:14","D:\BaiduSyncdisk\上市公司\整车上市公司\A股\长安汽车\长安汽车_压力不在负债_视频素材.html"
"整车上市公司","A股\长城汽车\长城汽车产业版图_v1版图式_资料库.html",".html","32057","2026-08-08 19:32:14","D:\BaiduSyncdisk\上市公司\整车上市公司\A股\长城汽车\长城汽车产业版图_v1版图式_资料库.html"
"整车上市公司","A股\长城汽车\长城汽车产业版图_v2问答式_备份.html",".html","27344","2026-08-08 19:32:14","D:\BaiduSyncdisk\上市公司\整车上市公司\A股\长城汽车\长城汽车产业版图_v2问答式_备份.html"
"整车上市公司","A股\长城汽车\长城汽车产业版图_视频素材.html",".html","21358","2026-08-08 19:32:14","D:\BaiduSyncdisk\上市公司\整车上市公司\A股\长城汽车\长城汽车产业版图_视频素材.html"
"整车上市公司","H股\吉利汽车\吉利汽车_重新认识_视频素材.html",".html","29090","2026-08-08 19:32:16","D:\BaiduSyncdisk\上市公司\整车上市公司\H股\吉利汽车\吉利汽车_重新认识_视频素材.html"
"整车上市公司","H股\吉利汽车\吉利汽车产业版图_视频素材.html",".html","22804","2026-08-08 19:32:16","D:\BaiduSyncdisk\上市公司\整车上市公司\H股\吉利汽车\吉利汽车产业版图_视频素材.html"
"整车上市公司","H股\零跑汽车\Q1报告截图\01_Q1财务摘要五要点_P1.png",".png","286577","2026-08-08 19:34:05","D:\BaiduSyncdisk\上市公司\整车上市公司\H股\零跑汽车\Q1报告截图\01_Q1财务摘要五要点_P1.png"
"整车上市公司","H股\零跑汽车\Q1报告截图\02_收入原文_P1.png",".png","56670","2026-08-08 19:34:05","D:\BaiduSyncdisk\上市公司\整车上市公司\H股\零跑汽车\Q1报告截图\02_收入原文_P1.png"
"整车上市公司","H股\零跑汽车\Q1报告截图\03_毛利率原文_P1.png",".png","63921","2026-08-08 19:34:05","D:\BaiduSyncdisk\上市公司\整车上市公司\H股\零跑汽车\Q1报告截图\03_毛利率原文_P1.png"
"整车上市公司","H股\零跑汽车\Q1报告截图\04_净亏损原文_P1.png",".png","67149","2026-08-08 19:34:05","D:\BaiduSyncdisk\上市公司\整车上市公司\H股\零跑汽车\Q1报告截图\04_净亏损原文_P1.png"
"整车上市公司","H股\零跑汽车\Q1报告截图\05_现金流与在手资金原文_P1.png",".png","87242","2026-08-08 19:34:05","D:\BaiduSyncdisk\上市公司\整车上市公司\H股\零跑汽车\Q1报告截图\05_现金流与在手资金原文_P1.png"
"整车上市公司","H股\零跑汽车\Q1报告截图\06_销量与新车订单原文_P2.png",".png","225711","2026-08-08 19:34:05","D:\BaiduSyncdisk\上市公司\整车上市公司\H股\零跑汽车\Q1报告截图\06_销量与新车订单原文_P2.png"
"整车上市公司","H股\零跑汽车\Q1报告截图\07_全球化出口原文_P4.png",".png","220358","2026-08-08 19:34:05","D:\BaiduSyncdisk\上市公司\整车上市公司\H股\零跑汽车\Q1报告截图\07_全球化出口原文_P4.png"
"整车上市公司","H股\零跑汽车\Q1报告截图\08_经营利润与净亏损原文_P6.png",".png","130261","2026-08-08 19:34:05","D:\BaiduSyncdisk\上市公司\整车上市公司\H股\零跑汽车\Q1报告截图\08_经营利润与净亏损原文_P6.png"
"整车上市公司","H股\零跑汽车\Q1报告截图\09_现金流详解原文_P6.png",".png","240337","2026-08-08 19:34:05","D:\BaiduSyncdisk\上市公司\整车上市公司\H股\零跑汽车\Q1报告截图\09_现金流详解原文_P6.png"
"整车上市公司","H股\零跑汽车\Q1报告截图\10_关于零跑_Stellantis与一汽_P7.png",".png","345383","2026-08-08 19:34:05","D:\BaiduSyncdisk\上市公司\整车上市公司\H股\零跑汽车\Q1报告截图\10_关于零跑_Stellantis与一汽_P7.png"
"整车上市公司","H股\零跑汽车\零跑_单家解读_竖屏图表.html",".html","10509","2026-08-08 19:32:19","D:\BaiduSyncdisk\上市公司\整车上市公司\H股\零跑汽车\零跑_单家解读_竖屏图表.html"
"整车上市公司","H股\零跑汽车\零跑汽车_重新认识_视频素材.html",".html","19176","2026-08-08 19:32:21","D:\BaiduSyncdisk\上市公司\整车上市公司\H股\零跑汽车\零跑汽车_重新认识_视频素材.html"
"整车上市公司","H股\零跑汽车\零跑汽车产业版图_v1问答式_备份.html",".html","25819","2026-08-08 19:32:20","D:\BaiduSyncdisk\上市公司\整车上市公司\H股\零跑汽车\零跑汽车产业版图_v1问答式_备份.html"
"整车上市公司","H股\零跑汽车\零跑汽车产业版图_视频素材.html",".html","18251","2026-08-08 19:32:20","D:\BaiduSyncdisk\上市公司\整车上市公司\H股\零跑汽车\零跑汽车产业版图_视频素材.html"
"整车上市公司","H股\蔚来\0001104659-26-041765-xbrl\nio-20251231x20f.htm",".htm","5358825","2026-08-08 19:34:04","D:\BaiduSyncdisk\上市公司\整车上市公司\H股\蔚来\0001104659-26-041765-xbrl\nio-20251231x20f.htm"
"整车上市公司","H股\蔚来\0001104659-26-041765-xbrl\nio-20251231xex12d1.htm",".htm","11849","2026-08-08 19:34:04","D:\BaiduSyncdisk\上市公司\整车上市公司\H股\蔚来\0001104659-26-041765-xbrl\nio-20251231xex12d1.htm"
"整车上市公司","H股\蔚来\0001104659-26-041765-xbrl\nio-20251231xex12d2.htm",".htm","12016","2026-08-08 19:34:04","D:\BaiduSyncdisk\上市公司\整车上市公司\H股\蔚来\0001104659-26-041765-xbrl\nio-20251231xex12d2.htm"
"整车上市公司","H股\蔚来\0001104659-26-041765-xbrl\nio-20251231xex13d1.htm",".htm","5055","2026-08-08 19:34:04","D:\BaiduSyncdisk\上市公司\整车上市公司\H股\蔚来\0001104659-26-041765-xbrl\nio-20251231xex13d1.htm"
"整车上市公司","H股\蔚来\0001104659-26-041765-xbrl\nio-20251231xex13d2.htm",".htm","5147","2026-08-08 19:34:05","D:\BaiduSyncdisk\上市公司\整车上市公司\H股\蔚来\0001104659-26-041765-xbrl\nio-20251231xex13d2.htm"
"整车上市公司","H股\蔚来\0001104659-26-041765-xbrl\nio-20251231xex15d1.htm",".htm","1857","2026-08-08 19:34:04","D:\BaiduSyncdisk\上市公司\整车上市公司\H股\蔚来\0001104659-26-041765-xbrl\nio-20251231xex15d1.htm"
"整车上市公司","H股\蔚来\0001104659-26-041765-xbrl\nio-20251231xex15d2.htm",".htm","9220","2026-08-08 19:34:04","D:\BaiduSyncdisk\上市公司\整车上市公司\H股\蔚来\0001104659-26-041765-xbrl\nio-20251231xex15d2.htm"
"整车上市公司","H股\蔚来\0001104659-26-041765-xbrl\nio-20251231xex4d44.htm",".htm","15443","2026-08-08 19:34:03","D:\BaiduSyncdisk\上市公司\整车上市公司\H股\蔚来\0001104659-26-041765-xbrl\nio-20251231xex4d44.htm"
"整车上市公司","H股\蔚来\0001104659-26-041765-xbrl\nio-20251231xex4d46.htm",".htm","97210","2026-08-08 19:34:03","D:\BaiduSyncdisk\上市公司\整车上市公司\H股\蔚来\0001104659-26-041765-xbrl\nio-20251231xex4d46.htm"
"整车上市公司","H股\蔚来\0001104659-26-041765-xbrl\nio-20251231xex4d51.htm",".htm","119075","2026-08-08 19:34:03","D:\BaiduSyncdisk\上市公司\整车上市公司\H股\蔚来\0001104659-26-041765-xbrl\nio-20251231xex4d51.htm"
"整车上市公司","H股\蔚来\0001104659-26-041765-xbrl\nio-20251231xex4d52.htm",".htm","153339","2026-08-08 19:34:03","D:\BaiduSyncdisk\上市公司\整车上市公司\H股\蔚来\0001104659-26-041765-xbrl\nio-20251231xex4d52.htm"
"整车上市公司","H股\蔚来\0001104659-26-041765-xbrl\nio-20251231xex4d53.htm",".htm","528016","2026-08-08 19:34:04","D:\BaiduSyncdisk\上市公司\整车上市公司\H股\蔚来\0001104659-26-041765-xbrl\nio-20251231xex4d53.htm"
"整车上市公司","H股\蔚来\0001104659-26-041765-xbrl\nio-20251231xex4d54.htm",".htm","454432","2026-08-08 19:34:05","D:\BaiduSyncdisk\上市公司\整车上市公司\H股\蔚来\0001104659-26-041765-xbrl\nio-20251231xex4d54.htm"
"整车上市公司","H股\蔚来\0001104659-26-041765-xbrl\nio-20251231xex8d1.htm",".htm","22199","2026-08-08 19:34:05","D:\BaiduSyncdisk\上市公司\整车上市公司\H股\蔚来\0001104659-26-041765-xbrl\nio-20251231xex8d1.htm"
"整车上市公司","other\20260830 19个车企DPO账期排名_2026H1.html",".html","11965","2026-08-30 15:18:13","D:\BaiduSyncdisk\上市公司\整车上市公司\other\20260830 19个车企DPO账期排名_2026H1.html"
"整车上市公司","other\2026年公众号\车企分类\9大国有车企及新能源品牌全景.html",".html","14607","2026-08-08 19:31:32","D:\BaiduSyncdisk\上市公司\整车上市公司\other\2026年公众号\车企分类\9大国有车企及新能源品牌全景.html"
"整车上市公司","other\2026年公众号\车企分类\公众号——19家上市公司六条生存路径\公众号封面_1比1.png",".png","5735042","2026-08-14 09:04:47","D:\BaiduSyncdisk\上市公司\整车上市公司\other\2026年公众号\车企分类\公众号——19家上市公司六条生存路径\公众号封面_1比1.png"
"整车上市公司","other\2026年公众号\车企分类\公众号——19家上市公司六条生存路径\公众号封面_2.35比1.png",".png","4529689","2026-08-14 09:04:44","D:\BaiduSyncdisk\上市公司\整车上市公司\other\2026年公众号\车企分类\公众号——19家上市公司六条生存路径\公众号封面_2.35比1.png"
"整车上市公司","other\2026年公众号\车企分类\公众号——19家上市公司六条生存路径\手绘_01_规模制造型.png",".png","1256929","2026-08-08 19:31:34","D:\BaiduSyncdisk\上市公司\整车上市公司\other\2026年公众号\车企分类\公众号——19家上市公司六条生存路径\手绘_01_规模制造型.png"
"整车上市公司","other\2026年公众号\车企分类\公众号——19家上市公司六条生存路径\手绘_02_爆款跨盈亏线型.png",".png","1179410","2026-08-08 19:31:34","D:\BaiduSyncdisk\上市公司\整车上市公司\other\2026年公众号\车企分类\公众号——19家上市公司六条生存路径\手绘_02_爆款跨盈亏线型.png"
"整车上市公司","other\2026年公众号\车企分类\公众号——19家上市公司六条生存路径\手绘_03_全球品牌矩阵型.png",".png","1200771","2026-08-08 19:31:34","D:\BaiduSyncdisk\上市公司\整车上市公司\other\2026年公众号\车企分类\公众号——19家上市公司六条生存路径\手绘_03_全球品牌矩阵型.png"
"整车上市公司","other\2026年公众号\车企分类\公众号——19家上市公司六条生存路径\手绘_04_传统集团转型型.png",".png","1158180","2026-08-08 19:31:34","D:\BaiduSyncdisk\上市公司\整车上市公司\other\2026年公众号\车企分类\公众号——19家上市公司六条生存路径\手绘_04_传统集团转型型.png"
"整车上市公司","other\2026年公众号\车企分类\公众号——19家上市公司六条生存路径\手绘_05_高投入技术押注型.png",".png","1347184","2026-08-08 19:31:34","D:\BaiduSyncdisk\上市公司\整车上市公司\other\2026年公众号\车企分类\公众号——19家上市公司六条生存路径\手绘_05_高投入技术押注型.png"
"整车上市公司","other\2026年公众号\车企分类\公众号——19家上市公司六条生存路径\手绘_06_合作与细分利润型.png",".png","1090366","2026-08-08 19:31:34","D:\BaiduSyncdisk\上市公司\整车上市公司\other\2026年公众号\车企分类\公众号——19家上市公司六条生存路径\手绘_06_合作与细分利润型.png"
"整车上市公司","other\2026年公众号\车企分类\公众号——19家上市公司六条生存路径\手绘_总览_6种赚钱模式.png",".png","1275321","2026-08-08 19:31:34","D:\BaiduSyncdisk\上市公司\整车上市公司\other\2026年公众号\车企分类\公众号——19家上市公司六条生存路径\手绘_总览_6种赚钱模式.png"
"整车上市公司","other\2026年公众号\车企分类\整车上市公司19家全景图_视频素材.html",".html","46209","2026-08-08 19:31:32","D:\BaiduSyncdisk\上市公司\整车上市公司\other\2026年公众号\车企分类\整车上市公司19家全景图_视频素材.html"
"整车上市公司","other\电池消费税\电池消费税_短视频框架图.html",".html","7037","2026-08-08 19:32:29","D:\BaiduSyncdisk\上市公司\整车上市公司\other\电池消费税\电池消费税_短视频框架图.html"
"整车上市公司","other\电池消费税\电池消费税_短视频框架图.png",".png","1189612","2026-08-08 19:32:29","D:\BaiduSyncdisk\上市公司\整车上市公司\other\电池消费税\电池消费税_短视频框架图.png"
"整车上市公司","other\电池消费税\电池消费税_自产误区_图示.html",".html","5678","2026-08-08 19:32:29","D:\BaiduSyncdisk\上市公司\整车上市公司\other\电池消费税\电池消费税_自产误区_图示.html"
"整车上市公司","other\电池消费税\电池消费税_自产误区_图示.png",".png","869517","2026-08-08 19:32:30","D:\BaiduSyncdisk\上市公司\整车上市公司\other\电池消费税\电池消费税_自产误区_图示.png"
"整车上市公司","other\电池消费税\公告原文_财政部海关税务2026年第20号_电池消费税调整.html",".html","16446","2026-08-08 19:32:29","D:\BaiduSyncdisk\上市公司\整车上市公司\other\电池消费税\公告原文_财政部海关税务2026年第20号_电池消费税调整.html"
"整车上市公司","other\电池消费税\官方解读_电池消费税_上海证券报.html",".html","23438","2026-08-08 19:32:29","D:\BaiduSyncdisk\上市公司\整车上市公司\other\电池消费税\官方解读_电池消费税_上海证券报.html"
"整车上市公司","other\电池消费税\官方解读_电池消费税为何调整_人民网专家答问.html",".html","39071","2026-08-08 19:32:29","D:\BaiduSyncdisk\上市公司\整车上市公司\other\电池消费税\官方解读_电池消费税为何调整_人民网专家答问.html"
"整车上市公司","特斯拉\特斯拉_毛利_算不清_视频素材.html",".html","28332","2026-08-08 19:31:32","D:\BaiduSyncdisk\上市公司\整车上市公司\特斯拉\特斯拉_毛利_算不清_视频素材.html"
"整车上市公司","特斯拉\特斯拉_上市全景链图谱_视频素材.html",".html","16644","2026-08-08 19:31:32","D:\BaiduSyncdisk\上市公司\整车上市公司\特斯拉\特斯拉_上市全景链图谱_视频素材.html"
"整车上市公司","特斯拉\特斯拉到底是做什么的_动态版.html",".html","69509","2026-08-08 19:31:32","D:\BaiduSyncdisk\上市公司\整车上市公司\特斯拉\特斯拉到底是做什么的_动态版.html"
"整车上市公司","特斯拉\特斯拉到底是做什么的_视频素材.html",".html","65251","2026-08-08 19:31:32","D:\BaiduSyncdisk\上市公司\整车上市公司\特斯拉\特斯拉到底是做什么的_视频素材.html"
